<?xml version='1.0' encoding='utf-8'?>
<!DOCTYPE hibernate-configuration PUBLIC
    "-//Hibernate/Hibernate Configuration DTD//EN"
    "http://www.hibernate.org/dtd/hibernate-configuration-3.0.dtd">
<hibernate-configuration>
  <session-factory>
    <property name="connection.url">jdbc:mysql://localhost:3306/BIBLIOTECA</property>
    <property name="connection.driver_class">com.mysql.cj.jdbc.Driver</property>
    <property name="connection.username">root</property>
    <property name="connection.password">root</property>
    <property name="hibernate.current_session_context_class">thread</property>
    <mapping resource="CategoriaDTO.hbm.xml"/>
    <mapping resource="LibroDTO.hbm.xml"/>
    <mapping resource="PrestamosDTO.hbm.xml"/>
    <mapping resource="UsuarioDTO.hbm.xml"/>
    <mapping resource="HistoricoDTO.hbm.xml"/>
    <!-- <property name="connection.username"/> -->
    <!-- <property name="connection.password"/> -->

    <!-- DB schema will be updated if needed -->
  </session-factory>
</hibernate-configuration>