<?xml version='1.0' encoding='utf-8'?>
<!DOCTYPE hibernate-mapping PUBLIC
    "-//Hibernate/Hibernate Mapping DTD 3.0//EN"
    "http://www.hibernate.org/dtd/hibernate-mapping-3.0.dtd">
<hibernate-mapping>

    <class name="modelo.UsuarioDTO" table="usuario" schema="BIBLIOTECA">
        <id name="id">
            <column name="id" sql-type="int"/>
        </id>
        <property name="nombre">
            <column name="nombre" sql-type="text" not-null="true"/>
        </property>
        <property name="apellidos">
            <column name="apellidos" sql-type="text" not-null="true"/>
        </property>
    </class>
</hibernate-mapping>