<?xml version='1.0' encoding='utf-8'?>
<!DOCTYPE hibernate-mapping PUBLIC
    "-//Hibernate/Hibernate Mapping DTD 3.0//EN"
    "http://www.hibernate.org/dtd/hibernate-mapping-3.0.dtd">
<hibernate-mapping>

    <class name="modelo.LibroDTO" table="libro" schema="BIBLIOTECA">
        <id name="id">
            <column name="id" sql-type="int"/>
        </id>
        <property name="nombre">
            <column name="nombre" sql-type="text" not-null="true"/>
        </property>
        <property name="autor">
            <column name="autor" sql-type="text" not-null="true"/>
        </property>
        <property name="editorial">
            <column name="editorial" sql-type="text" not-null="true"/>
        </property>
        <property name="categoria">
            <column name="categoria" sql-type="int" not-null="true"/>
        </property>
    </class>
</hibernate-mapping>