<?xml version='1.0' encoding='utf-8'?>
<!DOCTYPE hibernate-mapping PUBLIC
    "-//Hibernate/Hibernate Mapping DTD 3.0//EN"
    "http://www.hibernate.org/dtd/hibernate-mapping-3.0.dtd">
<hibernate-mapping>

    <class name="modelo.PrestamosDTO" table="prestamos" schema="BIBLIOTECA">
        <id name="idPrestamo">
            <column name="idPrestamo" sql-type="int"/>
        </id>
        <property name="idLibro">
            <column name="idLibro" sql-type="int" not-null="true"/>
        </property>
        <property name="idUsuario">
            <column name="idUsuario" sql-type="int" not-null="true"/>
        </property>
        <property name="fechaPrestamo">
            <column name="fechaPrestamo" sql-type="datetime" not-null="true"/>
        </property>
    </class>
</hibernate-mapping>