id,nombre,autor,editorial,categoria
4,Santa Tecla,Pepito,Editorial 1,3
5,Programando Bots,Pepito,Editorial 3,2
6,Terminator,Paquito,Editorial 1,5
7,WebOS,Andreita,Editorial 3,7
8,Santa Tecla Returns,Pepito,Editorial 1,8
9,Buceando en SQLite,Pepito Grillo,Editorial 2,1
4,Santa Tecla,Pepito,Editorial 1,3
5,Programando Bots,Pepito,Editorial 3,2
6,Terminator,Paquito,Editorial 1,5
7,WebOS,Andreita,Editorial 3,7
8,Santa Tecla Returns,Pepito,Editorial 1,8
9,Buceando en SQLite,Pepito Grillo,Editorial 2,1
22,Holaaaa,Ra,yoooo,1
